<?xml version="1.0" encoding="UTF-8" standalone="yes"?>
<menuItem>
    <id>2c65558b7dd7483f84bdd88b131f1f20</id>
    <depth>0</depth>
    <name>Home</name>
    <url></url>
    <role>ROLE_USER</role>
    <parentId></parentId>
    <script></script>

    <menuItem>
        <id>a87f82adcb984774be2c5f4ae310cc24</id>
        <depth>1</depth>
        <name>고객관리</name>
        <url></url>
        <role>ROLE_PARTNER</role>
        <parentId>2c65558b7dd7483f84bdd88b131f1f20</parentId>
		<script></script>
        <menuItem>
            <id>b7a4f27ac1e14cd9b01f0bb052631b1d</id>
            <depth>2</depth>
            <name>고객정보</name>
            <url>'/partner/partnerCompanyInfo'</url>
            <role>ROLE_PARTNER</role>
            <parentId>a87f82adcb984774be2c5f4ae310cc24</parentId>
            <script></script>
        </menuItem>
	</menuItem>

    <menuItem>
        <id>a87f82adcb984774be2c5f4ae310ccyi</id>
        <depth>1</depth>
        <name>파트너실적</name>
        <url></url>
        <role>ROLE_PARTNER</role>
        <parentId>2c65558b7dd7483f84bdd88b131f1f20</parentId>
		<script></script>
        <menuItem>
            <id>b2733ad3f8a04edaaedebdc7e0f5689f</id>
            <depth>2</depth>
            <name>파트너실적</name>
            <url>'/partner/partnerSalesExpInfo'</url>
            <role>ROLE_PARTNER</role>
            <parentId>a87f82adcb984774be2c5f4ae310ccyi</parentId>
            <script></script>
        </menuItem>
	</menuItem>

    <menuItem>
        <id>j7a4f48ac1e14cd9b01f0bbg52631b1d</id>
        <depth>1</depth>
        <name>주문관리</name>
        <url></url>
        <role>ROLE_PARTNER</role>
        <parentId>2c65558b7dd7483f84bdd88b131f1f20</parentId>
        <script></script>
        <menuItem>
            <id>f264922d4c764b24ac57c2164a2bdabf</id>
            <depth>2</depth>
            <name>주문현황/등록</name>
            <url>'/partner/orderInfo'</url>
            <role>ROLE_PARTNER</role>
            <parentId>j7a4f48ac1e14cd9b01f0bbg52631b1d</parentId>
            <script></script>
        </menuItem>
        <menuItem>
            <id>d6dcd8020c1a4e7e93b62d4f4375605f</id>
            <depth>2</depth>
            <name>견본/인수증</name>
            <url>'/partner/sampleOrderMgmt'</url>
            <role>ROLE_PARTNER</role>
            <parentId>j7a4f48ac1e14cd9b01f0bbg52631b1d</parentId>
            <script></script>
        </menuItem>
	</menuItem>

	 <menuItem>
        <id>47506e57465e4d4d95fe8d2e56f0ffd9</id>
        <depth>1</depth>
        <name>고객정보변경</name>
        <url></url>
        <role>ROLE_PARTNER</role>
        <parentId>2c65558b7dd7483f84bdd88b131f1f20</parentId>
		<script></script>
		<menuItem>
            <id>cefdd122ede24ef7b6c759919de47617</id>
            <depth>2</depth>
            <name>정보변경</name>
            <url>'/partner/webAccountInfo'</url>
            <role>ROLE_PARTNER</role>
            <parentId>47506e57465e4d4d95fe8d2e56f0ffd9</parentId>
            <script></script>
        </menuItem>
	</menuItem>

	<menuItem>
        <id>81383d5a541a41adbb896b286db30e24</id>
        <depth>1</depth>
        <name>재고</name>
        <url></url>
        <role>ROLE_PARTNER</role>
        <parentId>2c65558b7dd7483f84bdd88b131f1f20</parentId>
		<script></script>
        <menuItem>
            <id>57900aae13d14aecb06a5ea514f43bb4</id>
            <depth>2</depth>
            <name>재고</name>
            <url>'/partner/stockInfo'</url>
            <role>ROLE_PARTNER</role>
            <parentId>81383d5a541a41adbb896b286db30e24</parentId>
            <script></script>
        </menuItem>
	</menuItem>
<!-- 
	<menuItem>
        <id>e9b2b851df454c7e8835b3c93dcca2d1</id>
        <depth>1</depth>
        <name>구매실적</name>
        <url></url>
        <role>ROLE_PARTNER</role>
        <parentId>28c114d4d8e04aa5bd18ed703f527668</parentId>
		<script></script>
		 <menuItem>
            <id>da9000aab105467fbb6c64b731723da5</id>
            <depth>2</depth>
            <name>월별구매실적</name>
            <url>'/partner/monthPurchaseRecordInfo'</url>
            <role>ROLE_PARTNER</role>
            <parentId>e9b2b851df454c7e8835b3c93dcca2d1</parentId>
            <script></script>
        </menuItem>
		 <menuItem>
            <id>2fc899039f7046969431842c203991e8</id>
            <depth>2</depth>
            <name>일별구매실적</name>
            <url>'/partner/dayPurchaseRecordInfo'</url>
            <role>ROLE_PARTNER</role>
            <parentId>e9b2b851df454c7e8835b3c93dcca2d1</parentId>
            <script></script>
        </menuItem>
	</menuItem>
 -->	
    <menuItem>
        <id>i87f82adcb984774be2c5f4ae310cc24</id>
        <depth>1</depth>
        <name>채권관리</name>
        <url></url>
	    <role>ROLE_PARTNER</role>
        <parentId>2c65558b7dd7483f84bdd88b131f1f20</parentId>
        <script></script>
		<menuItem>
        	<id>368310464cfb4a43562639792ba5e6c0</id>
			<depth>2</depth>
			<name>채권현황</name>
			<url>'/partner/creditInfo'</url>
			<role>ROLE_PARTNER</role>
			<parentId>i87f82adcb984774be2c5f4ae310cc24</parentId>
			<script></script>
		</menuItem>
    </menuItem>
    
	 <menuItem>
        <id>ceb99de3df864b7bba6ceae6e97d1ec3</id>
        <depth>1</depth>
        <name>고객서비스</name>
        <url></url>
        <role>ROLE_PARTNER</role>
        <parentId>2c65558b7dd7483f84bdd88b131f1f20</parentId>
		<script></script>
		 <menuItem>
            <id>3edfeb9a277846fb8e22ac28282c851c</id>
            <depth>2</depth>
            <name>서비스요청</name>
            <url>'/voc/vocMgmt'</url>
            <role>ROLE_PARTNER</role>
            <parentId>ceb99de3df864b7bba6ceae6e97d1ec3</parentId>
            <script></script>
        </menuItem>
	</menuItem>  
</menuItem>
