<?xml version="1.0" encoding="UTF-8" standalone="yes"?>
<menuItem>
  <id>2c65558b7dd7483f84bdd88b131f1f20</id>
  <depth>0</depth>
  <name>Home</name>
  <url></url>
  <role>ROLE_USER</role>
  <parentId></parentId>
  <script></script>
  <menuItem>
    <id>a87f82adcb984774be2c5f4ae310cc24</id>
    <depth>1</depth>
    <name>고객관리</name>
    <url></url>
    <role>ROLE_EMP</role>
    <parentId>2c65558b7dd7483f84bdd88b131f1f20</parentId>
    <script></script>
    <menuItem>
      <id>b7a4f27ac1e14cd9b01f0bb052631b1d</id>
      <depth>2</depth>
      <name>고객정보</name>
      <url>'/company/companyInfo'</url>
      <role>ROLE_EMP</role>
      <parentId>a87f82adcb984774be2c5f4ae310cc24</parentId>
      <script></script>
    </menuItem>
    <menuItem>
      <id>k1d8ae2f5c974b26932a5861268fa1b8</id>
      <depth>2</depth>
      <name>매출실적</name>
      <url>'/customer/compFileList'</url>
      <role>ROLE_EMP</role>
      <parentId>a87f82adcb984774be2c5f4ae310cc24</parentId>
      <script></script>
    </menuItem>
    <!--
            <menuItem>
                <id>j7a4f27ac1e14cd9b01f0bb052631b1d</id>
                <depth>2</depth>
                <name>거래선 요청목록</name>
                <url>'/customer/customerRequests'</url>
                <role>ROLE_USER</role>
                <role>ROLE_EMP</role>
                <parentId>a87f82adcb984774be2c5f4ae310cc24</parentId>
                <script></script>
            </menuItem>
     -->
    <menuItem>
      <id>d7a4f27ac1e14cd9b01f0bb052631b1d</id>
      <depth>2</depth>
      <name>잠재고객 등록</name>
      <url>'/customer/potenCustRegist'</url>
      <role>ROLE_USER</role>
      <role>ROLE_EMP</role>
      <parentId>a87f82adcb984774be2c5f4ae310cc24</parentId>
      <script></script>
    </menuItem>
    <menuItem>
      <id>i87xx2adcb984et4be2c5f4ae310cc24</id>
      <depth>2</depth>
      <name>웹사용자관리</name>
      <url>'/customer/newWebAccountRequests'</url>
      <role>ROLE_USER</role>
      <role>ROLE_EMP</role>
      <parentId>a87f82adcb984774be2c5f4ae310cc24</parentId>
      <script></script>
      <menuItem>
        <id>i87xx2adcb984et7be2c5f4ae310cc13</id>
        <depth>3</depth>
        <name>웹신규사용요청</name>
        <url>'/customer/newWebAccountRequests'</url>
        <role>ROLE_USER</role>
        <role>ROLE_EMP</role>
        <parentId>i87xx2adcb984et4be2c5f4ae310cc24</parentId>
        <script></script>
      </menuItem>
      <menuItem>
        <id>t64xx2adcb984et7be2c5f4ae310cc13</id>
        <depth>3</depth>
        <name>웹 사용자</name>
        <url>'/customer/webAccountInfo'</url>
        <role>ROLE_USER</role>
        <role>ROLE_EMP</role>
        <parentId>i87xx2adcb984et4be2c5f4ae310cc24</parentId>
        <script></script>
      </menuItem>
    </menuItem>
  </menuItem>

  <menuItem>
    <id>j7a4f48ac1e14cd9b01f0bbg52631b1d</id>
    <depth>1</depth>
    <name>주문관리</name>
    <url></url>
    <role>ROLE_EMP</role>
    <parentId>2c65558b7dd7483f84bdd88b131f1f20</parentId>
    <script></script>
    <menuItem>
      <id>j7a4f48ac1e14cd9b01f0bb0526dkeio</id>
      <depth>2</depth>
      <name>eSales</name>
      <url>'/order/orderInfo'</url>
      <role>ROLE_EMP</role>
      <parentId>j7a4f48ac1e14cd9b01f0bbg52631b1d</parentId>
      <script></script>
      <menuItem>
        <id>j7a4f48ac1e14cd9b01f0bb052631b1t</id>
        <depth>3</depth>
        <name>주문현황</name>
        <url>'/order/orderInfo'</url>
        <role>ROLE_EMP</role>
        <parentId>j7a4f48ac1e14cd9b01f0bb0526dkeio</parentId>
        <script></script>
      </menuItem>
      <menuItem>
        <id>j7a2f48ac1e14cd9b01f0bb052631b1d</id>
        <depth>3</depth>
        <name>주문확정</name>
        <url>'/order/orderConfirmInfo'</url>
        <role>ROLE_EMP</role>
        <parentId>j7a4f48ac1e14cd9b01f0bb0526dkeio</parentId>
        <script></script>
      </menuItem>
    </menuItem>
    <menuItem>
      <id>9ae52645bc78461480a7337d450748a5</id>
      <depth>2</depth>
      <name>주문등록</name>
      <url>'/directOrder/directOrderInfo'</url>
      <role>ROLE_EMP</role>
      <parentId>j7a4f48ac1e14cd9b01f0bbg52631b1d</parentId>
      <script></script>
      <menuItem>
        <id>1d4bf8b4234447e98b08ea321f2961e9</id>
        <depth>3</depth>
        <name>전체주문현황</name>
        <url>'/directOrder/directOrderInfo'</url>
        <role>ROLE_EMP</role>
        <parentId>9ae52645bc78461480a7337d450748a5</parentId>
        <script></script>
      </menuItem>
      <menuItem>
        <id>d9ed5c5cbe4c4f19b162b923f1324292</id>
        <depth>3</depth>
        <name>시판주문</name>
        <url>'/directOrder/marketingOrderRegist'</url>
        <role>ROLE_EMP</role>
        <parentId>9ae52645bc78461480a7337d450748a5</parentId>
        <script></script>
      </menuItem>
      <menuItem>
        <id>a2f48ac1e14cj7d9b01f0bb052631b1d</id>
        <depth>3</depth>
        <name>수출주문</name>
        <url>'/directOrder/exportOrderRegist'</url>
        <role>ROLE_EMP</role>
        <parentId>9ae52645bc78461480a7337d450748a5</parentId>
        <script></script>
      </menuItem>
      <menuItem>
        <id>0ff3ca6a523d41c4a5d05e2dc37c4ca7</id>
        <depth>3</depth>
        <name>특가주문</name>
        <url>'/directOrder/specialPriceOrderRegist'</url>
        <role>ROLE_EMP</role>
        <parentId>9ae52645bc78461480a7337d450748a5</parentId>
        <script></script>
      </menuItem>
      <!--
                <menuItem>
                    <id>0ff3ca6a523d41c4a5d05e2dc37c4ca7</id>
                    <depth>3</depth>
                    <name>견본주문</name>
                    <url>'/directOrder/sampleOrderRegist'</url>
                    <role>ROLE_EMP</role>
                    <parentId>9ae52645bc78461480a7337d450748a5</parentId>
                    <script></script>
                </menuItem>
       -->
      <menuItem>
        <id>2f710ca63e8f453294139943f3abcc1c</id>
        <depth>3</depth>
        <name>CY용 수출적송</name>
        <url>'/directOrder/cyExportShipOrderRegist'</url>
        <role>ROLE_EMP</role>
        <parentId>9ae52645bc78461480a7337d450748a5</parentId>
        <script></script>
      </menuItem>
      <menuItem>
        <id>c482db481709419a9cdae890680ddc55</id>
        <depth>3</depth>
        <name>매출적자</name>
        <url>'/directOrder/salesLossOrderRegist'</url>
        <role>ROLE_EMP</role>
        <parentId>9ae52645bc78461480a7337d450748a5</parentId>
        <script></script>
      </menuItem>
      <menuItem>
        <id>c455c5eaeadc40a293e5c00f9361dca2</id>
        <depth>3</depth>
        <name>매출흑자</name>
        <url>'/directOrder/salesSurplusOrderRegist'</url>
        <role>ROLE_EMP</role>
        <parentId>9ae52645bc78461480a7337d450748a5</parentId>
        <script></script>
      </menuItem>
      <menuItem>
        <id>43ea8eef53d445d2b31417ef385a5cd1</id>
        <depth>3</depth>
        <name>수량차이조정(+)</name>
        <url>'/directOrder/quantityAdjustPlusOrderRegist'</url>
        <role>ROLE_EMP</role>
        <parentId>9ae52645bc78461480a7337d450748a5</parentId>
        <script></script>
      </menuItem>
      <menuItem>
        <id>66be6af5b55943b9b5ac059bd1e14ee4</id>
        <depth>3</depth>
        <name>수량차이조정(-)</name>
        <url>'/directOrder/quantityAdjustMinusOrderRegist'</url>
        <role>ROLE_EMP</role>
        <parentId>9ae52645bc78461480a7337d450748a5</parentId>
        <script></script>
      </menuItem>
      <menuItem>
        <id>552bd223d7dd450d9f46d89cb05ae173</id>
        <depth>3</depth>
        <name>적송출하</name>
        <url>'/directOrder/shippingOrderRegist'</url>
        <role>ROLE_EMP</role>
        <parentId>9ae52645bc78461480a7337d450748a5</parentId>
        <script></script>
      </menuItem>
      <menuItem>
        <id>67699ceeec8b4a519f25502c5f0013a0</id>
        <depth>3</depth>
        <name>반품입고</name>
        <url>'/directOrder/returnsInboundOrderRegist'</url>
        <role>ROLE_EMP</role>
        <parentId>9ae52645bc78461480a7337d450748a5</parentId>
        <script></script>
      </menuItem>
      <menuItem>
        <id>47b091e7cd9c496cb3ddee55fbdb6b25</id>
        <depth>3</depth>
        <name>무상주문</name>
        <url>'/directOrder/claimOrderRegist'</url>
        <role>ROLE_EMP</role>
        <parentId>9ae52645bc78461480a7337d450748a5</parentId>
        <script></script>
      </menuItem>
      <menuItem>
        <id>47b091e7cd9c496cb3ddee55fbdb6b25</id>
        <depth>3</depth>
        <name>무상수출주문</name>
        <url>'/directOrder/claimExportOrderRegist'</url>
        <role>ROLE_EMP</role>
        <parentId>9ae52645bc78461480a7337d450748a5</parentId>
        <script></script>
      </menuItem>
      <menuItem>
        <id>fa6d49b90395400283e00ad4404bb2e7</id>
        <depth>3</depth>
        <name>기타</name>
        <url>'/directOrder/othersOrderRegist'</url>
        <role>ROLE_EMP</role>
        <parentId>9ae52645bc78461480a7337d450748a5</parentId>
        <script></script>
      </menuItem>
    </menuItem>
    <!-- 
    <menuItem>
      <id>c099744e55324895bd23f805043d3d7f</id>
      <depth>2</depth>
      <name>견본관리</name>
      <url>'/sampleOrder/sampleOrderMgmt'</url>
      <role>ROLE_EMP</role>
      <parentId>j7a4f48ac1e14cd9b01f0bbg52631b1d</parentId>
      <script></script>
      <menuItem>
        <id>0e4b3939a1b24d379d1eb8bca3715082</id>
        <depth>3</depth>
        <name>견본목록</name>
        <url>'/sampleOrder/sampleOrderMgmt'</url>
        <role>ROLE_EMP</role>
        <parentId>c099744e55324895bd23f805043d3d7f</parentId>
        <script></script>
      </menuItem>
      <menuItem>
        <id>8a12db23e1014713a47e5390bb14e4d9</id>
        <depth>3</depth>
        <name>견본등록</name>
        <url>'/sampleOrder/sampleOrderRegist'</url>
        <role>ROLE_EMP</role>
        <parentId>c099744e55324895bd23f805043d3d7f</parentId>
        <script></script>
      </menuItem>
      <menuItem>
        <id>b1d627f7fa784436b7c75d9012f25ace</id>
        <depth>3</depth>
        <name>견본품의목록</name>
        <url>'/sampleOrder/sampleDocList'</url>
        <role>ROLE_TEST</role>
        <parentId>c099744e55324895bd23f805043d3d7f</parentId>
        <script></script>
      </menuItem>
    </menuItem>
     -->
		<menuItem>
			<id>20bb50a3d4254a6c8aac85e61795d3bb</id>
			<depth>2</depth>
			<name>지급조건변경</name>
			<url>'/directOrder/orderListForPaymentChange'</url>
			<role>ROLE_EMP</role>
			<parentId>j7a4f48ac1e14cd9b01f0bbg52631b1d</parentId>
			<script></script>
			<menuItem>
				<id>f636b1d5937e46c1afcf232111490664</id>
				<depth>3</depth>
				<name>지급조건변경</name>
				<url>'/directOrder/orderListForPaymentChange'</url>
				<role>ROLE_EMP</role>
				<parentId>20bb50a3d4254a6c8aac85e61795d3bb</parentId>
				<script></script>
			</menuItem>
		</menuItem>

  </menuItem>
  <menuItem>
    <id>i87f82adcb984774be2c5f4ae310cc24</id>
    <depth>1</depth>
    <name>채권/손익관리</name>
    <url></url>
    <role>ROLE_EMP</role>
    <parentId>2c65558b7dd7483f84bdd88b131f1f20</parentId>
    <script></script>
    <menuItem>
      <id>e7a4f27ac1e14cd9b01f0bb052631b1d</id>
      <depth>2</depth>
      <name>채권</name>
      <url>'/credit/customerCreditList'</url>
      <role>ROLE_EMP</role>
      <parentId>i87f82adcb984774be2c5f4ae310cc24</parentId>
      <script></script>
      <menuItem>
        <id>e7a4f27ac1e14cd9b01f0bb052631b1d</id>
        <depth>3</depth>
        <name>채권현황</name>
        <url>'/credit/customerCreditList'</url>
        <role>ROLE_EMP</role>
        <parentId>e7a4f27ac1e14cd9b01f0bb052631b1d</parentId>
        <script></script>
      </menuItem>
      <menuItem>
        <id>0bc2c6bfc09e4a968682fb0dde978880</id>
        <depth>3</depth>
        <name>여신현황</name>
        <url>'/credit/creditMgmt'</url>
        <role>ROLE_EMP</role>
        <parentId>e7a4f27ac1e14cd9b01f0bb052631b1d</parentId>
        <script></script>
      </menuItem>
      <menuItem>
        <id>3d2010f5cea84bcfb288cd2f4d8bb876</id>
        <depth>3</depth>
        <name>담보현황</name>
        <url>'/credit/guaranteeMgmt'</url>
        <role>ROLE_EMP</role>
        <parentId>e7a4f27ac1e14cd9b01f0bb052631b1d</parentId>
        <script></script>
      </menuItem>
      <menuItem>
        <id>368310464cfb4a19842639792ba5e6c0</id>
        <depth>3</depth>
        <name>위험채권관리</name>
        <url>'/credit/riskyCreditMgmt'</url>
        <role>ROLE_EMP</role>
        <parentId>e7a4f27ac1e14cd9b01f0bb052631b1d</parentId>
        <script></script>
      </menuItem>
      <menuItem>
        <id>368310464cfb4a43562639792ba5e6c0</id>
        <depth>3</depth>
        <name>연체채권관리</name>
        <url>'/credit/delayedCreditMgmt'</url>
        <role>ROLE_EMP</role>
        <parentId>e7a4f27ac1e14cd9b01f0bb052631b1d</parentId>
        <script></script>
      </menuItem>
      <menuItem>
        <id>368310aw3fb4a19842639792ba5e6c0</id>
        <depth>3</depth>
        <name>신용등급 현황</name>
        <url>'/credit/creditGradeInfo'</url>
        <role>ROLE_EMP</role>
        <parentId>e7a4f27ac1e14cd9b01f0bb052631b1d</parentId>
        <script></script>
      </menuItem>

      <menuItem>
        <id>5b1ad8d39ec741aa821fe67a63d56025</id>
        <depth>3</depth>
        <name>수금 계좌 입금 명세 조회</name>
        <url>'/symptom/collectAccountDetail'</url>
        <role>ROLE_EMP</role>
        <parentId>e7a4f27ac1e14cd9b01f0bb052631b1d</parentId>
        <script></script>
      </menuItem>
      
      <menuItem>
        <id>9d7c571aa6d74682beed9aca67e000c5</id>
        <depth>3</depth>
        <name>수출 수금 예정일 현황</name>
        <url>'/symptom/collectExpectedDate'</url>
        <role>ROLE_EMP</role>
        <parentId>e7a4f27ac1e14cd9b01f0bb052631b1d</parentId>
        <script></script>
      </menuItem>
      
    </menuItem>
    <menuItem>
      <id>i87f82adcblpe774be2c5f4ae310cc24</id>
      <depth>2</depth>
      <name>손익</name>
      <url>'/credit/lossAndGainCompany'</url>
      <role>ROLE_EMP</role>
      <parentId>i87f82adcb984774be2c5f4ae310cc24</parentId>
      <script></script>
      <menuItem>
        <id>368310aw3fb4a19842631192ba5e6c0</id>
        <depth>3</depth>
        <name>전사손익(SAP)</name>
        <url>'/credit/lossAndGainCompany'</url>
        <role>ROLE_EMP</role>
        <parentId>i87f82adcblpe774be2c5f4ae310cc24</parentId>
        <script></script>
      </menuItem>
      <menuItem>
        <id>368310aw3fb4a1xh42639792ba5e6c0</id>
        <depth>3</depth>
        <name>제품/고객별 손익(SAP)</name>
        <url>'/credit/lossAndGainProdCust'</url>
        <role>ROLE_EMP</role>
        <parentId>i87f82adcblpe774be2c5f4ae310cc24</parentId>
        <script></script>
      </menuItem>
      <menuItem>
        <id>7d7e525ea63f4f98854a1822bb67b751</id>
        <depth>3</depth>
        <name>제품/고객 한계손익(SAP)</name>
        <url>'/credit/lossAndGainProdCustLimit'</url>
        <role>ROLE_EMP</role>
        <parentId>i87f82adcblpe774be2c5f4ae310cc24</parentId>
        <script></script>
      </menuItem>
    </menuItem>
  </menuItem>

  <menuItem>
    <id>ceb99de3df864b7bba6ceae6e97d1ec3</id>
    <depth>1</depth>
    <name>고객서비스</name>
    <url></url>
    <role>ROLE_EMP</role>
    <parentId>2c65558b7dd7483f84bdd88b131f1f20</parentId>
    <script></script>
    <menuItem>
      <id>3edfeb9a277846fb8e22ac28282c851c</id>
      <depth>2</depth>
      <name>서비스요청</name>
      <url>'/voc/vocMgmt'</url>
      <role>ROLE_EMP</role>
      <parentId>ceb99de3df864b7bba6ceae6e97d1ec3</parentId>
      <script></script>
    </menuItem>
    <menuItem>
      <id>77447ece7a4f40cc926d340e3cc28292</id>
      <depth>2</depth>
      <name>신규상담</name>
      <url>'/genvoc/genVocMgmt'</url>
      <role>ROLE_EMP</role>
      <parentId>ceb99de3df864b7bba6ceae6e97d1ec3</parentId>
      <script></script>
    </menuItem>
  </menuItem>

  <menuItem>
    <id>6189de7b049a4f69ad3b55272e92a17c</id>
    <depth>1</depth>
    <name>일반영업</name>
    <url></url>
    <role>ROLE_EMP</role>
    <parentId>2c65558b7dd7483f84bdd88b131f1f20</parentId>
    <script></script>
    <menuItem>
      <id>e81101bcf2504db484fffe6f8bf81800</id>
      <depth>2</depth>
      <name>일반보고</name>
      <url>'/apprGeneral/apprGeneralMgmt'</url>
      <role>ROLE_EMP</role>
      <parentId>6189de7b049a4f69ad3b55272e92a17c</parentId>
      <script></script>
    </menuItem>

    <menuItem>
      <id>57900aae13d14aecb06a5ea514f43bb4</id>
      <depth>2</depth>
      <name>업무현황</name>
      <url>'/workstat/workStatList'</url>
      <role>ROLE_EMP</role>
      <parentId>6189de7b049a4f69ad3b55272e92a17c</parentId>
      <script></script>
      <menuItem>
        <id>dee9d6eddb5f401f8f15247ac395f0da</id>
        <depth>3</depth>
        <name>매출</name>
        <url>'/workstat/workStatSalesMgmt'</url>
        <role>ROLE_EMP</role>
        <parentId>57900aae13d14aecb06a5ea514f43bb4</parentId>
        <script></script>
      </menuItem>
      <menuItem>
        <id>544cd0f98d5a4a3ba9f4628891ba5a4c</id>
        <depth>3</depth>
        <name>회전일</name>
        <url>'/workstat/workStatBondMgmt'</url>
        <role>ROLE_EMP</role>
        <parentId>57900aae13d14aecb06a5ea514f43bb4</parentId>
        <script></script>
      </menuItem>
      <menuItem>
        <id>0e2179d134974c97a21501043d315dee</id>
        <depth>3</depth>
        <name>재고</name>
        <url>'/workstat/workStatStockProductMgmt'</url>
        <role>ROLE_EMP</role>
        <parentId>57900aae13d14aecb06a5ea514f43bb4</parentId>
        <script></script>
      </menuItem>
      <menuItem>
        <id>51ba5ca628964c40a6e960a574f2f61a</id>
        <depth>3</depth>
        <name>생산</name>
        <url>'/workstat/workStatProduceProductMgmt'</url>
        <role>ROLE_EMP</role>
        <parentId>57900aae13d14aecb06a5ea514f43bb4</parentId>
        <script></script>
      </menuItem>
    </menuItem>
    <menuItem>
      <id>e9b2b851df454c7e8835b3c93dcca2d1</id>
      <depth>2</depth>
      <name>통계</name>
      <url>'/statistics/statOrder'</url>
      <role>ROLE_EMP</role>
      <parentId>6189de7b049a4f69ad3b55272e92a17c</parentId>
      <script></script>
      <menuItem>
        <id>da9000aab105467fbb6c64b731723da5</id>
        <depth>3</depth>
        <name>eSales 통계</name>
        <url>'/statistics/statOrder'</url>
        <role>ROLE_EMP</role>
        <parentId>e9b2b851df454c7e8835b3c93dcca2d1</parentId>
        <script></script>
      </menuItem>
      <menuItem>
        <id>cefdd122ede24ef7b6c759919de47617</id>
        <depth>3</depth>
        <name>환율 통계</name>
        <url>'/exchange/exchangeMgmt'</url>
        <role>ROLE_EMP</role>
        <parentId>e9b2b851df454c7e8835b3c93dcca2d1</parentId>
        <script></script>
      </menuItem>
      <menuItem>
        <id>e2eb3c4dc6484835a38f195b302d4368</id>
        <depth>3</depth>
        <name>대고객서비스 통계</name>
        <url>'/statistics/statCustSupp'</url>
        <role>ROLE_EMP</role>
        <parentId>e9b2b851df454c7e8835b3c93dcca2d1</parentId>
        <script></script>
      </menuItem>
    </menuItem>
    <menuItem>
      <id>05f5fa45c3db4ed7986567f60e1be0bd</id>
      <depth>2</depth>
      <name>고부가제품 관리</name>
      <url>'/highValue/highValueItemMgmt'</url>
      <role>ROLE_EMP</role>
      <parentId>6189de7b049a4f69ad3b55272e92a17c</parentId>
      <script></script>
    </menuItem>
  </menuItem>

  <menuItem>
    <id>1d8cc1b51e50447c9207d60b59b5c466</id>
    <depth>1</depth>
    <name>판가관리</name>
    <url></url>
    <role>ROLE_EMP</role>
    <parentId>28c114d4d8e04aa5bd18ed703f527668</parentId>
    <script></script>
    <menuItem>
      <id>72786009af2a47cb8dafb7b68f90ca63</id>
      <depth>2</depth>
      <name>판가마스터 관리</name>
      <url>'/salePrice/salePriceMasterMgmt'</url>
      <role>ROLE_EMP</role>
      <parentId>1d8cc1b51e50447c9207d60b59b5c466</parentId>
      <script></script>
    </menuItem>
    <menuItem>
      <id>ba087a86d84d4a439ec6f8821b7fa8a5</id>
      <depth>2</depth>
      <name>주문판가변경</name>
      <url>'/salePrice/differentOrderPriceAndMasterInfo'</url>
      <role>ROLE_EMP</role>
      <parentId>1d8cc1b51e50447c9207d60b59b5c466</parentId>
      <script></script>
    </menuItem>
    <menuItem>
      <id>dc6751601504450886863bccf006423e</id>
      <depth>2</depth>
      <name>판가월마감</name>
      <url>'/salePrice/salePriceCloseInfo'</url>
      <role>ROLE_EMP</role>
      <parentId>1d8cc1b51e50447c9207d60b59b5c466</parentId>
      <script>user.salesManYn.equals("Y") || user.sawnCode.equals("FM9265") || user.sawnCode.equals("04202") || user.teamCode.equals("H4002")</script>
    </menuItem>
  </menuItem>


  <menuItem>
    <id>2a2c1872fba74f5f87a6ae570d817b2c</id>
    <depth>1</depth>
    <name>이상징후</name>
    <url></url>
    <role>ROLE_EMP</role>
    <parentId>2c65558b7dd7483f84bdd88b131f1f20</parentId>
    <script></script>    
    
    <menuItem>
      <id>ebfae88d6ba140c09729706b567b5e2e</id>
      <depth>2</depth>
      <name>고객 신용등급 조회</name>
      <url>'/symptom/custCreditRateAppr'</url>   
      <role>ROLE_EMP</role>
      <parentId>2a2c1872fba74f5f87a6ae570d817b2c</parentId>
      <script></script>
    </menuItem>
    
  <menuItem>
      <id>563ee77a52534164b2b32ed2c86525bc</id>
      <depth>2</depth>
      <name>판매현황조회</name>   
      <url>'/symptom/salesTrendByProdAccont'</url>
      <role>ROLE_EMP</role>
      <parentId>2a2c1872fba74f5f87a6ae570d817b2c</parentId>
      <script></script>
                 
      <menuItem>
        <id>4a6a8314739e49d8905804dada7d0869</id>
        <depth>3</depth>
        <name>제품별, 거래처별  판가 Trend</name>
        <url>'/symptom/salesTrendByProdAccont'</url>
        <role>ROLE_EMP</role>
        <parentId>563ee77a52534164b2b32ed2c86525bc</parentId>
        <script></script>
      </menuItem>
            
  </menuItem>    
      
      
  <menuItem>
      <id>bc518394c9dd4cfcb53954dfbefdf292</id>
      <depth>2</depth>
      <name>판매이상징후</name>   
       <url>'/symptom/salesContinuityDecrease'</url>
      <role>ROLE_EMP</role>
      <parentId>2a2c1872fba74f5f87a6ae570d817b2c</parentId>
      <script></script>
          
      <menuItem>
        <id>cf582025c3364e28bd7ee4aadbd14643</id>
        <depth>3</depth>
        <name>매출연속감소</name>
        <url>'/symptom/salesContinuityDecrease'</url>
        <role>ROLE_EMP</role>
        <parentId>bc518394c9dd4cfcb53954dfbefdf292</parentId>
        <script></script>
      </menuItem>
      
      <menuItem>
        <id>46445acfcc534fe6a81ef24f80614f7f</id>
        <depth>3</depth>
        <name>영업이익(률)연속감소</name>
        <url>'/symptom/operatingProfitContinuityDecrease'</url>        
        <role>ROLE_EMP</role>
        <parentId>bc518394c9dd4cfcb53954dfbefdf292</parentId>
        <script></script>
      </menuItem>
      
      <menuItem>
        <id>b023ad59a57947339886fe4e6e7ea23e</id>
        <depth>3</depth>
        <name>전월매출대비증가감소</name>
        <url>'/symptom/salesPrepareIncrease'</url>         
        <role>ROLE_EMP</role>
        <parentId>bc518394c9dd4cfcb53954dfbefdf292</parentId>
        <script></script>
      </menuItem>
      
      <menuItem>
        <id>cd1ac75abf1f481288c5af61903f7d3e</id>
        <depth>3</depth>
        <name>여신한도변동율</name>
        <url>'/symptom/creditLimitRate'</url>        
        <role>ROLE_EMP</role>
        <parentId>bc518394c9dd4cfcb53954dfbefdf292</parentId>
        <script></script>
      </menuItem>
      
      <menuItem>
        <id>3b155f048bb448ea999ac2da908a383d</id>
        <depth>3</depth>
        <name>거래선별채권연체정보</name>
        <url>'/symptom/custBondOverdueInformation'</url>        
        <role>ROLE_EMP</role>
        <parentId>bc518394c9dd4cfcb53954dfbefdf292</parentId>
        <script></script>
      </menuItem>
            
      <menuItem>
        <id>14ea7dcd2d0640bba4832fc3154dbcc2</id>
        <depth>3</depth>
        <name>판가변동율</name>               
        <url>'/symptom/salesPriceChageRate'</url>         
        <role>ROLE_EMP</role>
        <parentId>bc518394c9dd4cfcb53954dfbefdf292</parentId>
        <script></script>
      </menuItem>
      
    </menuItem>
    
 </menuItem>  

  <menuItem>
    <id>a75aa4da99ff49b797a092948a97de73</id>
    <depth>1</depth>
    <name>D.I.S.S.</name>
    <url></url>
    <role>ROLE_EMP</role>
    <parentId>2c65558b7dd7483f84bdd88b131f1f20</parentId>
    <script></script>
    <menuItem>
      <id>cf2c25283cfa495a8564e2beb2caab5d</id>
      <depth>2</depth>
      <name>DashBoard</name>
      <url>'/dissDashBoard/dissDashBoard'</url>
      <role>ROLE_EMP</role>
      <parentId>a75aa4da99ff49b797a092948a97de73</parentId>
      <script></script>
    </menuItem>
    <menuItem>
      <id>9f4112b0dc5d4701a5c6bcd3368f7b8e</id>
      <depth>2</depth>
      <name>SPEC-IN</name>
      <url>'/dissSpecIn/dissSpecInList'</url>
      <role>ROLE_EMP</role>
      <parentId>a75aa4da99ff49b797a092948a97de73</parentId>
      <script></script>
      <menuItem>
        <id>819753848f654c84acd3eb98dbd69c29</id>
        <depth>3</depth>
        <name>SPEC-IN 조회</name>
        <url>'/dissSpecIn/dissSpecInList'</url>
        <role>ROLE_EMP</role>
        <parentId>9f4112b0dc5d4701a5c6bcd3368f7b8e</parentId>
        <script></script>
      </menuItem>
    </menuItem>
    <menuItem>
      <id>49f320e9748246e8a7f9fb9735fd0c10</id>
      <depth>2</depth>
      <name>제품개선개발</name>
      <url>'/dissImpDev/dissImpDevList'</url>
      <role>ROLE_EMP</role>
      <parentId>a75aa4da99ff49b797a092948a97de73</parentId>
      <script></script>
      <menuItem>
        <id>2d512d343d4348d895e98c3744ba8d66</id>
        <depth>3</depth>
        <name>제품개선개발 조회</name>
        <url>'/dissImpDev/dissImpDevList'</url>
        <role>ROLE_EMP</role>
        <parentId>49f320e9748246e8a7f9fb9735fd0c10</parentId>
        <script></script>
      </menuItem>
      <menuItem>
        <id>1bbf06b3c2d14cf4ba3eecf2e7143a82</id>
        <depth>3</depth>
        <name>제품개선개발 등록</name>
        <url>'/dissImpDev/dissImpDevReg'</url>
        <role>ROLE_EMP</role>
        <parentId>49f320e9748246e8a7f9fb9735fd0c10</parentId>
        <script></script>
      </menuItem>
    </menuItem>
    <menuItem>
      <id>9fd1cfdcfa634b658a032a6248052fcf</id>
      <depth>2</depth>
      <name>원팀과제</name>
      <url>'/dissOneTeam/dissOneTeamList'</url>
      <role>ROLE_EMP</role>
      <parentId>a75aa4da99ff49b797a092948a97de73</parentId>
      <script></script>
      <menuItem>
        <id>cb19aedc701a421da645e1486cfbf12f</id>
        <depth>3</depth>
        <name>원팀과제 조회</name>
        <url>'/dissOneTeam/dissOneTeamList'</url>
        <role>ROLE_EMP</role>
        <parentId>9fd1cfdcfa634b658a032a6248052fcf</parentId>
        <script></script>
      </menuItem>
    </menuItem>
    <menuItem>
      <id>98bea11a5e9c4f9cb1cfd6556d55fd17</id>
      <depth>2</depth>
      <name>Daily 활동</name>
      <url>'/dissPublic/dissPublicDailyActMgmt'</url>
      <role>ROLE_EMP</role>
      <parentId>a75aa4da99ff49b797a092948a97de73</parentId>
      <script></script>
      <menuItem>
        <id>81b1b0d4dc694bc88742538cc57ff7d5</id>
        <depth>3</depth>
        <name>Daily 활동 목록</name>
        <url>'/dissPublic/dissPublicDailyActMgmt'</url>
        <role>ROLE_EMP</role>
        <parentId>98bea11a5e9c4f9cb1cfd6556d55fd17</parentId>
        <script></script>
      </menuItem>
      <menuItem>
        <id>7cb4e516a47649a494e767a30f8a69b7</id>
        <depth>3</depth>
        <name>Daily 활동 통계</name>
        <url>'/dissPublic/dissPublicDailyActStatInfo'</url>
        <role>ROLE_EMP</role>
        <parentId>98bea11a5e9c4f9cb1cfd6556d55fd17</parentId>
        <script></script>
      </menuItem>
    </menuItem>
    <menuItem>
      <id>0c8bb3e3bfe04c1bb817d4c7f8aa51b0</id>
      <depth>2</depth>
      <name>My 결재</name>
      <url>'/dissAppr/dissMyApprInfo'</url>
      <role>ROLE_EMP</role>
      <parentId>a75aa4da99ff49b797a092948a97de73</parentId>
      <script></script>
      <menuItem>
        <id>0cc96403b25b4fcbbaae3bb76b57d608</id>
        <depth>3</depth>
        <name>결재함</name>
        <url>'/dissAppr/dissMyApprInfo'</url>
        <role>ROLE_EMP</role>
        <parentId>0c8bb3e3bfe04c1bb817d4c7f8aa51b0</parentId>
        <script></script>
      </menuItem>
      <menuItem>
        <id>5205281069924329abc48d460840c90f</id>
        <depth>3</depth>
        <name>나의 요청 진행현황</name>
        <url>'/dissAppr/dissMyApprReqInfo'</url>
        <role>ROLE_EMP</role>
        <parentId>0c8bb3e3bfe04c1bb817d4c7f8aa51b0</parentId>
        <script></script>
      </menuItem>
    </menuItem>
    <menuItem>
      <id>f9fbef0163714803aa5e22b599e0916c</id>
      <depth>2</depth>
      <name>D.I.S.S 견본관리</name>
      <url>'/dissPublic/dissSampleOrderMgmt'</url>
      <role>ROLE_EMP</role>
      <parentId>a75aa4da99ff49b797a092948a97de73</parentId>
      <script></script>
      <menuItem>
        <id>24ef4206fc2a4b1d997a2fed5500dc0a</id>
        <depth>3</depth>
        <name>견본관리</name>
        <url>'/dissPublic/dissSampleOrderMgmt'</url>
        <role>ROLE_EMP</role>
        <parentId>f9fbef0163714803aa5e22b599e0916c</parentId>
        <script></script>
      </menuItem>
    </menuItem>
  </menuItem>

  <menuItem>
    <id>e1d8aedf5c974b26932a5861a63fa1b8</id>
    <depth>1</depth>
    <name>시스템관리자</name>
    <url></url>
    <role>ROLE_ADMIN</role>
    <parentId>2c65558b7dd7483f84bdd88b131f1f20</parentId>
    <script>user.sawnIdxx.equals("cjdoh") || user.sawnIdxx.equals("jhro") ||  user.sawnIdxx.equals("admin")</script>
    <menuItem>
      <id>j7a4f48ac1z14cd9b01f0bb052631b1d</id>
      <depth>2</depth>
      <name>코드그룹관리</name>
      <url>'/system/codeGroupMgmt'</url>
      <role>ROLE_ADMIN</role>
      <parentId>e1d8aedf5c974b26932a5861a63fa1b8</parentId>
      <script></script>
    </menuItem>
    <menuItem>
      <id>f0b66e6236ac4cd7ac886f2f68b1efaf</id>
      <depth>2</depth>
      <name>공통코드관리</name>
      <url>'/system/commonCodeMgmt'</url>
      <role>ROLE_ADMIN</role>
      <parentId>e1d8aedf5c974b26932a5861a63fa1b8</parentId>
      <script></script>
    </menuItem>
    <menuItem>
      <id>9c78ac52f84141248bed81579d412e5f</id>
      <depth>2</depth>
      <name>고부가CG관리</name>
      <url>'/highValue/highValueCgMgmt'</url>
      <role>ROLE_ADMIN</role>
      <parentId>e1d8aedf5c974b26932a5861a63fa1b8</parentId>
      <script></script>
    </menuItem>
    <!--
            <menuItem>
                <id>2fb9972e091647168a1a694c37e40f4f</id>
                <depth>2</depth>
                <name>프로그램관리</name>
                <url>'/system/programMgmt'</url>
                <role>ROLE_ADMIN</role>
                <parentId>e1d8aedf5c974b26932a5861a63fa1b8</parentId>
                <script></script>
            </menuItem>
     -->
    <menuItem>
      <id>2a920d68b13247bc881f6e7cc30030c7</id>
      <depth>2</depth>
      <name>재고노출관리</name>
      <url>'/system/stockDisplayMgmt'</url>
      <role>ROLE_ADMIN</role>
      <parentId>e1d8aedf5c974b26932a5861a63fa1b8</parentId>
      <script></script>
    </menuItem>
    <menuItem>
      <id>a031f1e5c7504b2596a78823947953dd</id>
      <depth>2</depth>
      <name>문서양식관리</name>
      <url>'/system/docTemplateMgmt'</url>
      <role>ROLE_ADMIN</role>
      <parentId>e1d8aedf5c974b26932a5861a63fa1b8</parentId>
      <script></script>
    </menuItem>
    <!--
            <menuItem>
                <id>j7a4f48ac1e14cd9b0nf0bb052331b1d</id>
                <depth>2</depth>
                <name>시스템관리자지정</name>
                <url>'/admin/adminManagement'</url>
                <role>ROLE_ADMIN</role>
                <parentId>e1d8aedf5c974b26932a5861a63fa1b8</parentId>
                <script></script>
            </menuItem>
    <menuItem>
      <id>5259ca91d4364058b3ca9cb52efb2986</id>
      <depth>2</depth>
      <name>결재문서관리</name>
      <url>'/system/apprMgmt'</url>
      <role>ROLE_ADMIN</role>
      <parentId>e1d8aedf5c974b26932a5861a63fa1b8</parentId>
      <script>user.sawnIdxx.equals("admin")</script>
    </menuItem>
     -->
  </menuItem>
  
 

</menuItem>
