<?xml version="1.0" encoding="UTF-8"?>
<Configuration status="INFO">
    <Appenders>
        <Console name="console" target="SYSTEM_OUT">
            <PatternLayout
                pattern="[%-5level] %d{yyyy-MM-dd HH:mm:ss.SSS} %c - %msg%n" />
            <RegexFilter regex="(?s).*==IGNORE_LOG==.*" onMatch="DENY" onMismatch="NEUTRAL" useRawMsg="true" />
        </Console>
		<RollingFile name="batch">
			<FileName>D:/JeusAppLog/salesportal/batch/salesPortalBatch.log</FileName>
			<FilePattern>D:/JeusAppLog/salesportal/batch/%d{yyyy-MM-dd-hh-mm}-%i.salesPortalBatch.zip</FilePattern>
			<PatternLayout>
        		<Pattern>%d %p %c{1.} [%t] %m%n</Pattern>
      		</PatternLayout>
      		<TimeBasedTriggeringPolicy />
		</RollingFile>
    </Appenders>
    <Loggers>
		<!-- batch Loggers -->
		<logger name="com.lgmma.salesPortal.common.schedule" additivity="false">
			<AppenderRef ref="batch" level="DEBUG"/>
		</logger>

	    <!-- Application Loggers -->
        <logger name="org.springframework" additivity="false">
            <AppenderRef ref="console" level="WARN"/>
        </logger>
        <logger name="org.apache" additivity="false">
            <AppenderRef ref="console" level="WARN"/>
        </logger>
        <logger name="log4jdbc.debug" additivity="false">
            <AppenderRef ref="console" level="OFF"/>
        </logger>
	    <logger name="jdbc" additivity="false">
	        <AppenderRef ref="console" level="OFF"/>
	    </logger>
	    <logger name="jdbc.sqlonly" additivity="false">
	        <AppenderRef ref="console" level="DEBUG"/>
	    </logger>
	    <logger name="jdbc.sqltiming" additivity="false">
	        <AppenderRef ref="console" level="DEBUG"/>
	    </logger>
	    <logger name="jdbc.audit" additivity="false">
	        <AppenderRef ref="console" level="OFF"/>
	    </logger>
	    <logger name="jdbc.resultset" additivity="false">
	        <AppenderRef ref="console" level="OFF"/>
	    </logger>
	    <logger name="jdbc.resultsettable" additivity="false">
	        <AppenderRef ref="console" level="DEBUG"/>
	    </logger>
	    <logger name="jdbc.connection" additivity="false">
	        <AppenderRef ref="console" level="OFF"/>
	    </logger>
        <logger name="HttpLogMapper" additivity="false">
            <AppenderRef ref="console" level="OFF"/>
        </logger>
        <logger name="org.mybatis.spring.SqlSessionUtils" additivity="false">
            <AppenderRef ref="console" level="ERROR"/>
            <AppenderRef ref="batch" level="ERROR"/>
        </logger>
        <logger name="org.mybatis.spring.transaction.SpringManagedTransaction" additivity="false">
            <AppenderRef ref="console" level="ERROR"/>
            <AppenderRef ref="batch" level="ERROR"/>
        </logger>
        <logger name="JOBSCHEDULED_MAPPER" additivity="false">
            <AppenderRef ref="console" level="OFF"/>
			<AppenderRef ref="batch" level="DEBUG"/>
        </logger>
        <Root level="debug" additivity="false">
            <AppenderRef ref="console" />
        </Root>
    </Loggers>
</Configuration>
